cluster,prompt,response
0,"
Dataset: Zeisel mouse brain scRNA-seq
Cluster: 0
Rule-based predicted cell type: Neuron_excitatory
Top marker genes: Neurod6, Crym, Hpca, Cpne6, Tspan13, Gria1, Fam131a, Camkv, Ppp3ca, Gria2

Please do the following:
1. Evaluate whether the predicted cell type is reasonable.
2. Suggest 1 to 2 possible alternative identities if relevant.
3. Explain which markers support the interpretation.
4. Mention uncertainty and limitations.
5. Keep the explanation concise and scientifically cautious.
","The predicted cell type ""Neuron_excitatory"" is highly reasonable based on the provided marker genes.

**Likely Biological Identity:**
This cluster most likely represents a population of excitatory neurons within the mouse brain.

**Marker Evidence:**
*   **Neuronal Identity:** Genes such as *Neurod6* (a neurogenic differentiation factor), *Crym*, *Hpca*, *Cpne6*, *Camkv*, and *Ppp3ca* are widely associated with neuronal development, function, and calcium signaling pathways.
*   **Excitatory Specification:** The presence of *Gria1* and *Gria2*, which encode subunits of AMPA glutamate receptors, is particularly strong evidence. AMPA receptors are the primary mediators of fast excitatory synaptic transmission in the central nervous system.

**Likely Biological Role:**
These cells are primarily involved in fast synaptic transmission, integrating incoming signals, and propagating excitatory electrical impulses via glutamate release. Their role is fundamental to information processing and circuit function within the brain.

**Possible Alternative Identities:**
Given the strong evidence from *Gria1* and *Gria2* for glutamatergic signaling, a primary identity as an inhibitory neuron or a non-neuronal cell type is highly unlikely. Without additional, more specific markers or regional context, distinguishing between different *subtypes* of excitatory neurons (e.g., specific cortical layer neurons, hippocampal granule cells) is not possible from the provided information.

**Uncertainty and Limitations:**
The term ""Neuron_excitatory"" is broad. The precise anatomical region of origin within the mouse brain for this cluster, or specific functional subtype, cannot be determined solely from these general top markers. The relative expression levels of these markers are not provided, nor is information about genes that are notably *absent*, which could further refine or challenge the interpretation."
1,"
Dataset: Zeisel mouse brain scRNA-seq
Cluster: 1
Rule-based predicted cell type: Oligodendrocyte
Top marker genes: Trf, Ermn, Car2, Apod, Cryab, Mal, Ugt8a, Plp1, Dbndd2, Aspa

Please do the following:
1. Evaluate whether the predicted cell type is reasonable.
2. Suggest 1 to 2 possible alternative identities if relevant.
3. Explain which markers support the interpretation.
4. Mention uncertainty and limitations.
5. Keep the explanation concise and scientifically cautious.
","The predicted cell type, Oligodendrocyte, is **highly reasonable**.

**1. Evaluation of Predicted Cell Type:**
The top marker genes provide strong evidence for the cluster being composed of oligodendrocytes, particularly mature and myelinating ones.

**2. Possible Alternative Identities:**
No strong alternative *distinct cell type* is supported by these highly specific markers. However, within the oligodendrocyte lineage, this cluster likely represents primarily **mature, myelinating oligodendrocytes**. Minor contributions from late-stage *pre-myelinating oligodendrocytes* cannot be entirely excluded without further data, suggesting potential heterogeneity in maturation within the cluster.

**3. Marker Support:**
*   **Strong support for mature oligodendrocytes:** *Mal* (Myelin and Lymphocyte Protein), *Plp1* (Proteolipid Protein 1), and *Ugt8a* (UDP-Galactosyltransferase 8A) are canonical markers for myelin structural components and their synthesis, indicating active myelination. *Aspa* (Aspartoacylase) is crucial for oligodendrocyte metabolism and myelin formation. *Ermn* (Ermin) is involved in myelin maintenance.
*   **General glial/oligodendrocyte support:** *Trf* (Transferrin), *Car2* (Carbonic Anhydrase 2), *Apod* (Apolipoprotein D), and *Cryab* (Crystallin alpha B) are also consistent with oligodendrocyte identity, involved in iron transport, metabolism, lipid transport, and stress response, respectively.

**4. Uncertainty and Limitations:**
*   The interpretation is based on a limited list of 10 top marker genes, without the full transcriptomic context or comparative expression levels across other clusters in the dataset.
*   While the markers strongly suggest mature oligodendrocytes, the precise sub-type or full spectrum of maturation stages within the oligodendrocyte lineage (e.g., specific MOC types identified in the Zeisel dataset) cannot be definitively resolved from this information alone.
*   The absence of classical oligodendrocyte precursor cell (OPC) markers (e.g., Pdgfra, Cspg4) indicates a more differentiated state, but specific intermediate stages between OPCs and fully mature cells are difficult to ascertain.

**5. Likely Biological Role:**
These cells are likely mature, myelinating oligodendrocytes, whose primary role is the formation and maintenance of the myelin sheath around axons in the central nervous system. This myelination is essential for rapid and efficient neurotransmission and overall neuronal health."
10,"
Dataset: Zeisel mouse brain scRNA-seq
Cluster: 10
Rule-based predicted cell type: Oligodendrocyte
Top marker genes: Myl9, Crip1, Acta2, Tpm1, Tagln, Mgp, Tpm2, Myh11, Mustn1, Mylk

Please do the following:
1. Evaluate whether the predicted cell type is reasonable.
2. Suggest 1 to 2 possible alternative identities if relevant.
3. Explain which markers support the interpretation.
4. Mention uncertainty and limitations.
5. Keep the explanation concise and scientifically cautious.
","1.  **Evaluation of predicted cell type:** The predicted cell type ""Oligodendrocyte"" is highly unlikely based on the provided top marker genes. These markers are not characteristic of oligodendrocytes; no canonical oligodendrocyte markers (e.g., *Mbp, Plp1, Olig1/2*) are present in the list.

2.  **Possible alternative identities:** The gene expression profile is strongly indicative of either **pericytes** or **vascular smooth muscle cells**.

3.  **Marker evidence:**
    *   **Supporting pericytes/vascular smooth muscle cells:** Genes such as *Acta2* (smooth muscle actin alpha 2), *Tagln* (transgelin), *Myh11* (myosin heavy chain 11), *Myl9* (myosin light chain 9), *Tpm1* (tropomyosin 1), *Tpm2* (tropomyosin 2), and *Mylk* (myosin light chain kinase) are highly characteristic of contractile cells like smooth muscle cells and pericytes. They are directly involved in cell contractility and cytoskeletal organization. *Crip1* and *Mgp* are also expressed in these cell types, contributing to cell adhesion, migration, and extracellular matrix regulation.

4.  **Uncertainty and limitations:** This evaluation is based solely on the top 10 marker genes, which may not capture the full transcriptional landscape of the cluster. Without additional information (e.g., co-expression of more specific markers, functional assays, or spatial context within the brain), definitively distinguishing between pericytes and vascular smooth muscle cells can be challenging, as they share many contractile markers. However, the strong and consistent expression of multiple contractile genes makes the initial oligodendrocyte prediction highly questionable.

5.  **Likely biological role:** If this cluster represents pericytes or vascular smooth muscle cells, their likely biological role in the brain involves the regulation of cerebral blood flow, maintenance of blood-brain barrier integrity, and vascular stability through their contractile capabilities and structural support of blood vessels."
11,"
Dataset: Zeisel mouse brain scRNA-seq
Cluster: 11
Rule-based predicted cell type: Oligodendrocyte
Top marker genes: Slc1a3, Atp1a2, Slc1a2, Gpr37l1, Slc4a4, Ppap2b, Ntsr2, Mag, Bcan, Gja1

Please do the following:
1. Evaluate whether the predicted cell type is reasonable.
2. Suggest 1 to 2 possible alternative identities if relevant.
3. Explain which markers support the interpretation.
4. Mention uncertainty and limitations.
5. Keep the explanation concise and scientifically cautious.
","**1. Evaluation of Predicted Cell Type (Oligodendrocyte):**
The predicted cell type, ""Oligodendrocyte,"" is partially supported. The presence of *Mag* (myelin-associated glycoprotein) is a strong and specific indicator of mature, myelinating oligodendrocytes. *Gpr37l1* also aligns with an oligodendrocytic identity. However, the co-expression of several canonical astrocyte markers introduces significant complexity and uncertainty to a singular assignment as an oligodendrocyte.

**2. Suggested Alternative Identities:**
1.  **Astrocyte:** The strong expression of *Slc1a3* (GLAST/EAAT1), *Slc1a2* (GLT-1/EAAT2), and *Gja1* (Connexin 43) makes a compelling case for an astrocytic identity or a significant astrocytic component within the cluster.
2.  **Oligodendrocyte Subpopulation with Astrocyte-like Features:** Alternatively, this cluster could represent a specific functional subpopulation of oligodendrocytes that exhibits a unique transcriptional profile, potentially reflecting extensive metabolic coupling or interaction with astrocytes.

**3. Supporting Markers:**
*   **Supporting Oligodendrocyte:**
    *   *Mag*: A crucial protein for myelin formation and maintenance in the central nervous system.
    *   *Gpr37l1*: An orphan G protein-coupled receptor enriched in oligodendrocytes.
*   **Supporting Astrocyte (or shared glial features):**
    *   *Slc1a3* (GLAST/EAAT1) and *Slc1a2* (GLT-1/EAAT2): Primary glutamate transporters highly characteristic of astrocytes, essential for neurotransmitter homeostasis.
    *   *Gja1* (Connexin 43): A key component of gap junctions, abundantly expressed by astrocytes for intercellular communication.
*   **Other markers (less specific but consistent with glia):** *Atp1a2*, *Slc4a4*, *Bcan*, and *Ppap2b* are found in various glial cells, including oligodendrocytes and astrocytes.

**4. Uncertainty and Limitations:**
The primary uncertainty stems from the co-expression of highly specific markers for both oligodendrocytes (*Mag*) and astrocytes (*Slc1a3*, *Slc1a2*, *Gja1*). This could represent:
*   A heterogeneous cluster containing a mix of both cell types that were grouped together due to transcriptional similarity or technical limitations of clustering.
*   A distinct, yet uncharacterized, functional state or subtype of glial cell that truly expresses markers from multiple lineages.
*   The provided data consists only of ""top marker genes"" without context on their relative expression levels, distribution across individual cells within the cluster, or other canonical markers, which would aid in disambiguation.

**5. Likely Biological Role:**
If predominantly oligodendrocytes, the primary role of cells in this cluster would be to form and maintain the myelin sheath around neuronal axons, enabling rapid nerve impulse conduction. If it represents an oligodendrocyte subpopulation with strong astrocytic features, their role might additionally involve specialized metabolic support or neurotransmitter regulation (e.g., glutamate uptake) that is typically associated with astrocytes, indicating a highly integrated functional interaction in brain homeostasis."
2,"
Dataset: Zeisel mouse brain scRNA-seq
Cluster: 2
Rule-based predicted cell type: Neuron_excitatory
Top marker genes: Pcsk2, Arpp21, Snap25, Mef2c, Atp2b2, Tagln3, Calm1, Osbpl1a, Camk2n1, Stx1a

Please do the following:
1. Evaluate whether the predicted cell type is reasonable.
2. Suggest 1 to 2 possible alternative identities if relevant.
3. Explain which markers support the interpretation.
4. Mention uncertainty and limitations.
5. Keep the explanation concise and scientifically cautious.
","Based on the provided top marker genes, the predicted cell type ""Neuron_excitatory"" is **reasonable**, with some nuances regarding absolute certainty.

1.  **Evaluation of predicted cell type:**
    The prediction is highly reasonable for a **neuronal** identity. Genes like *Snap25* (synaptosomal-associated protein 25), *Stx1a* (syntaxin 1A), and *Tagln3* (transgelin-3, neuron-specific) are strongly indicative of neuronal cells and synaptic function. *Atp2b2* (PMCA2, a neuronal calcium pump), *Calm1* (calmodulin), and *Camk2n1* (CAMKII inhibitor) are crucial for neuronal calcium signaling. The presence of *Mef2c* (myocyte enhancer factor 2C), a transcription factor critical for neuronal differentiation and synapse development, particularly in excitatory neurons, further supports this. *Pcsk2* (proprotein convertase subtilisin/kexin type 2) is involved in processing neuropeptide precursors, consistent with specific neuronal subtypes. The *absence* of typical glial or inhibitory neuronal markers also supports an excitatory or general neuronal identity.

2.  **Possible alternative identities:**
    *   **Neuron (general):** While ""excitatory"" is strongly suggested, the markers provided do not include definitive excitatory neurotransmitter transporters (e.g., *Slc17a7/Vglut1*). Therefore, a more general ""Neuron"" identity is a certain classification.
    *   **Peptidergic Neuron:** The presence of *Pcsk2*, involved in propeptide processing, suggests this cluster might represent a specific subtype of neuron that secretes neuropeptides. Peptidergic neurons can be excitatory or inhibitory.

3.  **Marker evidence supporting interpretation:**
    *   **Neuronal identity:** *Snap25*, *Stx1a*, *Tagln3*, *Arpp21*, *Atp2b2*, *Calm1*, and *Camk2n1* are all strongly associated with neuronal cells and their specific functions (synaptic transmission, calcium handling, neuronal signaling).
    *   **Support for Excitatory Neuron:** *Mef2c* is a key transcription factor involved in excitatory synapse development and function. The overall robust expression of synaptic machinery genes (*Snap25*, *Stx1a*) is characteristic of active neuronal populations, often dominated by excitatory neurons. The absence of typical inhibitory markers (e.g., GAD1/2, Slc32a1) lends further support. *Pcsk2* indicates a specific functional subtype, often found in neurosecretory or peptidergic neurons that are frequently excitatory.

4.  **Uncertainty and limitations:**
    The primary uncertainty lies in definitively classifying this cluster as *exclusively* ""excitatory"" without direct evidence of glutamate transporter expression (e.g., *Slc17a7/Vglut1*). While highly suggestive, some of these markers (e.g., *Calm1*, *Snap25*, *Mef2c* to some extent) are broadly expressed across neuronal types, including some inhibitory neurons or even neuroendocrine cells. The dataset is limited to only the top 10 markers, preventing a comprehensive evaluation of the full transcriptional profile, which could reveal more specific subtype markers or confirm neurotransmitter identity. The specific brain region(s) from which these cells originate are also not specified, which could influence interpretation."
